Track,Artist,Album,Date Added
Аганёк,Michelle Andrade,Latino Ritmo,2020-07-18T21:24:58Z
Шрамы,Michelle Andrade,Latino Ritmo,2020-07-18T21:24:59Z
Gabriel,Michelle Andrade,Latino Ritmo,2020-07-18T21:25:00Z
Corazon,Michelle Andrade,Latino Ritmo,2020-07-18T21:25:00Z
Rumba,Michelle Andrade,Latino Ritmo,2020-07-18T21:25:01Z
Tranquila,Michelle Andrade,Latino Ritmo,2020-07-18T21:25:01Z
Цимбали,Michelle Andrade,Latino Ritmo,2020-07-18T21:25:02Z
Если ночью,Michelle Andrade,Latino Ritmo,2020-07-18T21:25:02Z
Hasta la Vista,Michelle Andrade,Latino Ritmo,2020-07-18T21:25:03Z
Back2Leto,Vremya i Steklo,Обратный отсчёт (The Best),2020-07-18T21:25:19Z
На cтиле,Vremya i Steklo,Обратный отсчёт (The Best),2020-07-18T21:25:19Z
Навернопотомучто,Vremya i Steklo,Обратный отсчёт (The Best),2020-07-18T21:25:19Z
Песня 404,Vremya i Steklo,Обратный отсчёт (The Best),2020-07-18T21:25:19Z
Имя 505,Vremya i Steklo,Обратный отсчёт (The Best),2020-07-18T21:25:19Z
Забери,Vremya i Steklo,Обратный отсчёт (The Best),2020-07-18T21:25:19Z
Потанцуй со мной,Vremya i Steklo,Обратный отсчёт (The Best),2020-07-18T21:25:19Z
#кАроче,Vremya i Steklo,Обратный отсчёт (The Best),2020-07-18T21:25:19Z
Слеза,Vremya i Steklo Потап,Обратный отсчёт (The Best),2020-07-18T21:25:19Z
Гармошка,Vremya i Steklo,Обратный отсчёт (The Best),2020-07-18T21:25:19Z
Кафель,Vremya i Steklo,Обратный отсчёт (The Best),2020-07-18T21:25:19Z
Серебряное море,Vremya i Steklo,Обратный отсчёт (The Best),2020-07-18T21:25:19Z
Скачать бесплатно,Vremya i Steklo,Обратный отсчёт (The Best),2020-07-18T21:25:19Z
Любви точка нет,Vremya i Steklo,Обратный отсчёт (The Best),2020-07-18T21:25:19Z
Так выпала карта,Vremya i Steklo,Обратный отсчёт (The Best),2020-07-18T21:25:19Z
Vislovo,Vremya i Steklo,VISLOVO,2020-07-18T21:25:56Z
Balensiaga,Vremya i Steklo,VISLOVO,2020-07-18T21:25:56Z
Fashionспазмы,Vremya i Steklo,VISLOVO,2020-07-18T21:25:56Z
Дим,Vremya i Steklo,VISLOVO,2020-07-18T21:25:56Z
Eleganza,Vremya i Steklo,VISLOVO,2020-07-18T21:25:56Z
Лох,Vremya i Steklo,VISLOVO,2020-07-18T21:25:56Z
"Е,Бой",Vremya i Steklo,VISLOVO,2020-07-18T21:25:56Z
Forever Young,Vremya i Steklo,VISLOVO,2020-07-18T21:25:56Z
Песня про лицо,Vremya i Steklo,VISLOVO,2020-07-18T21:25:56Z
Навсегда/Никогда,Vremya i Steklo,VISLOVO,2020-07-18T21:25:56Z
Финальные титры,Vremya i Steklo,VISLOVO,2020-07-18T21:25:56Z
Дим - Boosin Remix,Vremya i Steklo,VISLOVO,2020-07-18T21:25:56Z
Глубоко...,Nadya Dorofeeva MONATIK,VISLOVO,2020-07-18T21:25:56Z
Дим - Shnaps & Sanya Dymov Remix,Vremya i Steklo,VISLOVO,2020-07-18T21:25:56Z
20S,Vremya i Steklo Mozgi U_C Michelle Andrade,20S,2020-07-18T21:26:09Z
Musica,Michelle Andrade,Musica,2020-07-18T21:26:20Z
Proud / Дом,Michelle Andrade Artem Pivovarov,Proud / Дом,2020-07-18T21:26:25Z
Промінь,Vremya i Steklo Mozgi Michelle Andrade,Скажене весілля (Офіційний саундтрек з фільму),2020-07-18T21:26:33Z
Corazon - DJ Lutique Remix,Michelle Andrade,Latino Ritmo,2020-07-18T21:28:50Z
Не знаю,Michelle Andrade,Не знаю,2020-08-04T03:09:11Z
Proud,Michelle Andrade,Proud,2020-08-04T03:10:11Z
Misterios,Michelle Andrade,Misterios,2020-08-04T03:10:17Z
Corazon,Michelle Andrade,Corazon,2020-08-04T03:10:27Z
Fe,Michelle Andrade,Fe,2020-08-04T03:10:39Z
Amor (Solo Version),Michelle Andrade,La primavera boliviana,2020-08-04T03:10:54Z
Зима,Michelle Andrade RusOne Dr.Ed,La primavera boliviana,2020-08-04T03:10:54Z
Хватит свитеть,Michelle Andrade,La primavera boliviana,2020-08-04T03:10:54Z
Musica,Michelle Andrade,La primavera boliviana,2020-08-04T03:10:54Z
Таю,Michelle Andrade,La primavera boliviana,2020-08-04T03:10:54Z
Зима,Michelle Andrade Dr.Ed RusOne,Зима,2020-08-04T03:11:21Z
Хватит свистеть,Michelle Andrade,Хватит свистеть,2020-08-04T03:11:28Z
Papi,T-Fest Michelle Andrade,Papi,2020-08-07T05:51:41Z
Vitamin D,MONATIK,LOVE IT ритм,2020-08-07T05:52:02Z
Патамушка,Мэвл,Патамушка,2020-08-07T06:04:57Z
Тролль,Vremya i Steklo,Тролль,2020-08-12T02:46:29Z
Потрачу,Egor Kreed,Что они знают?,2020-08-12T02:46:49Z
Last Dance,Vremya i Steklo,Last Dance,2020-08-12T02:49:54Z
Имя 505,Vremya i Steklo,Глубокий дом,2020-08-12T02:50:25Z
Ритм 122,Vremya i Steklo,Глубокий дом,2020-08-12T02:50:25Z
Опасно 220,Vremya i Steklo,Глубокий дом,2020-08-12T02:50:25Z
Песня 404,Vremya i Steklo,Глубокий дом,2020-08-12T02:50:25Z
Имя 505 - Remix,Vremya i Steklo,Глубокий дом,2020-08-12T02:50:25Z
ТОП,Vremya i Steklo,ТОП,2020-08-12T02:50:38Z
Аябо,Mozgi,Аябо,2020-08-12T21:29:15Z
Chica Bamboni,Mozgi,Chica Bamboni,2020-08-12T21:29:35Z
Серпантин,Markul,Great Depression,2020-08-12T21:29:43Z
Smooth Criminal - 2012 Remaster,Michael Jackson,Bad 25th Anniversary,2020-08-15T23:38:27Z
ВЕЧЕРиНОЧКА,MONATIK Vera Brezhneva,ВЕЧЕРиНОЧКА,2020-08-21T06:00:52Z
СИЛЬНО,MONATIK,LOVE IT ритм,2020-08-21T06:00:57Z
Кружит,MONATIK,Звучит,2020-08-21T06:01:01Z
LOVE IT ритм,MONATIK,LOVE IT ритм,2020-08-21T06:01:06Z
Каждый раз,MONATIK,LOVE IT ритм,2020-08-21T06:01:10Z
Kids Turned Out Fine,A$AP Rocky,TESTING,2020-08-21T21:07:03Z
Если ты меня не любишь,MOLLY Egor Kreed,Косатка в небе,2020-09-08T20:42:37Z
Самая самая,Egor Kreed,Холостяк,2020-09-14T03:35:33Z
What's Luv? (feat. Ja-Rule & Ashanti),Fat Joe Ja Rule Ashanti,Jealous Ones Still Envy (J.O.S.E),2020-09-16T03:12:45Z
Seagulls! (Stop It Now),Bad Lip Reading,Seagulls! (Stop It Now),2020-09-16T03:13:48Z
Bushes of Love,Bad Lip Reading,Bushes of Love,2020-09-16T03:13:52Z
Carl Poppa (feat. Carl G.),Bad Lip Reading Carl G.,Carl Poppa (feat. Carl G.),2020-09-16T03:14:12Z
Caution,The Killers,Imploding The Mirage,2020-09-16T03:15:05Z
Tonight,Michelle Andrade,Tonight,2020-10-02T17:42:27Z
Sayonara детка,Eldzhey Era Istrefi,Sayonara детка,2020-10-04T22:43:00Z
Мало так мало,Egor Kreed,Мало так мало,2020-10-09T14:46:54Z
Красивый мальчик,MOLLY,Косатка в небе,2020-11-29T06:03:11Z
gorit,DOROFEEVA,gorit,2020-12-03T14:12:03Z
Увлиувт,MONATIK,Танцевальная терапия,2020-12-03T14:51:18Z
Ариведерчи,Yulianna Karaulova,Быть сильными,2020-12-03T14:51:38Z
Ты не такой,Yulianna Karaulova,Чувство Ю,2020-12-03T14:51:51Z
Mirror,Michelle Andrade,Mirror,2020-12-18T06:34:13Z
Blood // Water,grandson,a modern tragedy vol. 1,2020-12-27T04:46:03Z
это ли счастье?,Rauf & Faik,это ли счастье?,2020-12-27T04:46:07Z
Suncity (feat. Empress Of),Khalid Empress Of,Suncity,2020-12-27T04:46:13Z
Black,GAZIROVKA,Black,2020-12-27T19:32:45Z
Даже не половина,Zomb,Даже не половина,2020-12-27T19:35:10Z
Кайф ты поймала,Konfuz,Кайф ты поймала,2020-12-27T19:58:07Z
27,FEDUK,27,2020-12-27T20:31:00Z